Emp_ID,Department,Age,Salary,Join_Date,Performance_Score,Bonus_Amount,Status
32,Sales,,62201.89517978324,2015-02-01,4.29,"$1,507.38",Active
110,Sales,46.0,59783.215936825814,2015-04-20,1.83,"$4,078.54",Active
137,HR,41.0,48183.24372137642,2015-05-17,4.36,$616.47,Resigned
89,R&D,41.0,43635.50354677203,2015-03-30,4.18,"$1,582.08",Active
919,marketing,40.0,69331.04985459073,2017-07-07,2.34,"$2,769.53",Active
120,HR,26.0,,2015-04-30,5.0,$927.41,Active
871,Engineering,40.0,46383.65729779619,2017-05-20,1.49,"$1,295.58",Active
319,Sales,44.0,,2015-11-15,3.86,"$3,841.23",Resigned
262,CEO_Office,30.0,53860.76342830344,2015-09-19,1.27,"$4,771.67",Fired
536,Legal,21.0,66323.79915921684,2016-06-19,1.41,$279.89,Active
920,Sales,36.0,79933.99979303114,2017-07-08,3.92,$715.65,Fired
597,Marketing,28.0,,2016-08-19,3.72,"$2,777.39",Resigned
77,marketing,26.0,80886.97950096492,2015-03-18,4.3,"$4,246.01",Active
108,marketing,31.0,66360.91566696134,2015-04-18,1.16,"$3,345.34",Resigned
425,Sales,,45653.45434772987,2016-02-29,1.93,"$2,306.72",Active
585,Marketing,46.0,50561.04909460817,2016-08-07,3.4,"$1,497.51",Active
854,R&D,45.0,64669.63010164327,2017-05-03,3.26,$144.53,Fired
665,Sales,38.0,52455.37844172985,2016-10-26,3.48,"$1,103.53",Resigned
830,HR,32.0,79123.12561918084,2017-04-09,1.74,"$2,541.83",Resigned
421,marketing,36.0,87065.22164680115,2016-02-25,1.09,"$2,035.76",Active
598,Sales,45.0,40109.284708769424,2016-08-20,4.78,"$1,323.75",Fired
459,Sales,40.0,53894.455306098294,2016-04-03,2.35,"$3,683.13",Active
313,Sales,42.0,69333.10716065102,2015-11-09,2.9,"$1,826.40",Resigned
650,HR,32.0,,2016-10-11,2.22,"$4,574.83",Resigned
366,Engineering,35.0,82347.95157903123,2016-01-01,4.3,$494.85,Resigned
322,  sales ,6.0,,2015-11-18,1.47,"$1,969.92",Active
630,Engineering,32.0,42776.050668710726,,3.26,"$1,206.37",Active
915,Marketing,36.0,65007.89949852802,2017-07-03,2.64,$456.06,Fired
469,Engineering,37.0,57163.1941383445,2016-04-13,3.12,"$4,097.15",Resigned
599,Sales,28.0,,2016-08-21,2.18,"$1,782.05",Resigned
395,Engineering,27.0,47472.856475549655,2016-01-30,4.96,$343.07,Resigned
537,R&D,24.0,72584.10750704419,2016-06-20,1.5,"$2,426.37",Active
721,Legal,42.0,68559.19495829297,2016-12-21,2.51,"$1,991.65",Active
334,Sales,39.0,44967.18816327791,2015-11-30,2.02,"$1,740.47",Active
410,Sales,25.0,68828.2990465608,,2.67,"$4,077.85",Resigned
60,Engineering,32.0,56878.2471409119,2015-03-01,1.79,"$3,673.62",Active
257,Legal,22.0,65886.2395076815,2015-09-14,3.31,"$4,391.93",Fired
970,HR,45.0,56932.931685208176,2017-08-27,2.68,"$3,195.44",Fired
686,Marketing,,73309.36255900114,2016-11-16,4.28,"$3,080.24",Resigned
343,Sales,41.0,59711.09430398408,2015-12-09,1.63,"$1,063.77",Active
636,HR,,,2016-09-27,2.55,"$4,924.81",Resigned
709,Engineering,19.0,60380.82630813615,2016-12-09,3.81,$288.16,Active
11,Sales,39.0,31872.41295531383,Unknown,1.84,$941.96,Resigned
486,Legal,20.0,77887.61268716963,2016-04-30,2.04,"$1,137.55",Resigned
210,Sales,35.0,66478.83817010911,2015-07-29,3.31,"$3,144.52",Fired
140,Legal,36.0,,2015-05-20,2.8,"$3,515.42",Fired
389,marketing,40.0,56489.70211339528,2016-01-24,3.68,"$3,823.14",Fired
623,Engineering,46.0,51799.79873119102,2016-09-14,3.85,"$4,553.25",Fired
825,HR,30.0,,2017-04-04,3.16,"$2,713.29",Active
718,Legal,47.0,55803.597472562484,2016-12-18,1.48,"$4,335.39",Resigned
846,HR,45.0,47083.68134739644,2017-04-25,2.93,"$3,990.67",Fired
688,Engineering,38.0,60569.067531714034,2016-11-18,2.99,"$3,737.61",Fired
936,Engineering,34.0,,2017-07-24,2.58,"$2,579.04",Resigned
582,Legal,40.0,39709.945712346984,,3.0,"$4,338.85",Fired
383,Marketing,21.0,,2016-01-18,1.03,"$2,719.34",Active
71,marketing,28.0,,2015-03-12,1.56,"$1,073.29",Active
261,Marketing,51.0,49579.303033664124,2015-09-18,1.86,$623.32,Active
801,  sales ,37.0,65581.58208910294,2017-03-11,2.12,"$1,368.08",Active
454,Legal,60.0,73388.96007448965,2016-03-29,1.9,"$4,211.59",Resigned
592,Marketing,52.0,51775.69055264098,2016-08-14,3.1,"$4,630.74",Active
907,R&D,30.0,67039.01384712789,2017-06-25,2.4,"$1,133.75",Fired
785,Sales,42.0,46569.80516455464,2017-02-23,4.88,"$2,593.90",Active
214,Engineering,28.0,70624.55770801596,2015-08-02,1.22,"$4,972.22",Resigned
97,HR,,51567.47960132547,2015-04-07,1.0,"$1,724.92",Resigned
680,R&D,41.0,67080.03406378912,2016-11-10,1.23,$985.22,Fired
850,Marketing,43.0,,2017-04-29,3.02,"$1,267.62",Fired
930,Engineering,25.0,83451.20038248162,2017-07-18,3.19,"$4,777.87",Active
881,Engineering,48.0,42366.08091562723,2017-05-30,1.31,"$3,470.07",Resigned
193,Legal,43.0,69838.51164794642,2015-07-12,4.74,"$1,100.79",Resigned
281,R&D,42.0,72763.46943251959,2015-10-08,3.77,$927.17,Active
534,Marketing,40.0,67466.14633637092,2016-06-17,2.01,"$1,706.63",Resigned
683,Sales,,,2016-11-13,3.18,"$1,698.48",Fired
618,Engineering,25.0,44940.63941877752,2016-09-09,2.61,"$4,506.32",Active
983,Sales,35.0,73430.331461439,2017-09-09,1.37,"$4,351.74",Fired
911,Marketing,40.0,44749.75307135254,2017-06-29,4.5,"$2,355.61",Fired
185,Engineering,34.0,68334.06699005172,2015-07-04,4.96,"$2,613.09",Fired
31,Marketing,33.0,52754.08422474841,2015-01-31,2.23,"$3,628.77",Fired
329,HR,28.0,55070.72286376523,2015-11-25,2.61,"$4,596.47",Active
507,Legal,16.0,71750.85763923894,2016-05-21,4.91,"$3,124.25",Fired
55,Marketing,,50813.43938039343,2015-02-24,2.63,"$3,489.11",Resigned
24,Engineering,30.0,37294.284110807595,2015-01-24,3.02,"$4,442.24",Resigned
102,Marketing,29.0,84233.74235322347,,1.61,"$1,629.11",Resigned
550,marketing,40.0,72736.53166114716,2016-07-03,1.91,"$2,202.83",Resigned
248,Legal,36.0,78584.19529409157,2015-09-05,3.27,"$1,608.31",Active
4,Marketing,41.0,71400.83945534404,2015-01-04,2.2,"$1,601.44",Fired
87,  sales ,37.0,75488.19306512485,2015-03-28,3.23,"$4,063.25",Active
844,Legal,28.0,81156.88717805257,2017-04-23,2.59,"$3,930.72",Fired
953,Sales,34.0,68443.21290261533,2017-08-10,3.21,"$2,287.00",Resigned
291,Sales,34.0,74480.96226886756,2015-10-18,2.4,"$1,492.50",Fired
211,HR,37.0,72006.14287841524,2015-07-30,4.62,"$3,621.72",Resigned
803,Marketing,24.0,,2017-03-13,2.76,$526.14,Active
175,Marketing,34.0,51065.08058934762,2015-06-24,4.79,"$2,134.21",Active
200,marketing,42.0,66105.78430686802,2015-07-19,3.38,$922.29,Active
903,Sales,25.0,55058.28320479363,2017-06-21,2.9,"$3,416.67",Resigned
819,Sales,35.0,78001.18434640292,2017-03-29,4.3,"$2,304.72",Resigned
64,Engineering,38.0,61392.673517116724,2015-03-05,3.32,"$1,629.73",Resigned
266,  sales ,43.0,76815.46000986706,2015-09-23,3.63,"$1,669.97",Resigned
232,HR,36.0,48559.12832150679,2015-08-20,3.94,"$4,935.79",Resigned
804,Marketing,35.0,78353.53323627941,2017-03-14,3.58,"$1,585.78",Fired
626,Engineering,27.0,,2016-09-17,1.05,"$1,574.73",Active
569,Legal,21.0,70402.1836787099,2016-07-22,2.03,"$2,166.39",Resigned
855,Engineering,31.0,85499.3606186457,2017-05-04,4.51,"$3,276.66",Active
40,HR,,,2015-02-09,4.45,"$4,309.65",Resigned
807,Legal,36.0,40211.29208101849,,3.4,"$1,740.90",Active
169,Sales,,76890.75376158251,2015-06-18,4.73,$778.02,Active
591,Sales,33.0,57661.52733094999,2016-08-13,2.17,"$1,658.39",Fired
465,Legal,28.0,84258.18862452936,2016-04-09,2.97,$435.36,Fired
999,Legal,30.0,59073.53700209806,2017-09-25,3.29,"$2,231.57",Active
443,Engineering,41.0,71162.87957249905,2016-03-18,2.1,"$2,672.74",Resigned
909,Engineering,37.0,71351.83019980472,2017-06-27,4.97,$248.73,Resigned
67,Sales,,78985.61761297051,2015-03-08,1.92,"$3,751.55",Fired
308,Engineering,37.0,57783.29521773793,2015-11-04,1.47,"$2,126.23",Resigned
68,R&D,,47007.377276782485,2015-03-09,3.21,"$1,237.90",Fired
199,R&D,19.0,48406.834982645865,2015-07-18,1.65,"$3,737.23",Active
529,Sales,45.0,68017.58472720825,2016-06-12,4.56,"$2,835.04",Active
482,Marketing,35.0,66064.42132442546,2016-04-26,2.57,"$3,562.36",Resigned
758,HR,29.0,73776.81665913621,2017-01-27,3.31,$345.86,Resigned
988,HR,33.0,66821.11368211702,2017-09-14,4.59,"$3,862.05",Active
363,HR,33.0,62600.124965556126,,3.71,"$3,088.08",Active
845,Sales,53.0,66146.44193939246,,3.05,"$2,472.45",Active
559,marketing,31.0,60105.94737942264,2016-07-12,4.4,"$2,926.36",Resigned
619,R&D,47.0,63109.00994098416,2016-09-10,3.92,"$3,155.18",Resigned
353,Marketing,51.0,70092.9185395023,2015-12-19,4.83,"$4,024.60",Active
761,Sales,34.0,49356.30217876241,2017-01-30,3.16,"$1,480.94",Resigned
930,Engineering,25.0,83451.20038248162,2017-07-18,3.19,"$4,777.87",Active
293,R&D,35.0,61329.86386442156,2015-10-20,4.22,"$1,947.56",Resigned
753,Marketing,38.0,68332.68969513373,2017-01-22,1.84,$977.90,Resigned
101,Sales,60.0,74472.77449646186,2015-04-11,4.0,$687.77,Fired
703,Engineering,52.0,89887.73029752178,2016-12-03,2.43,"$3,535.38",Resigned
375,Sales,51.0,41097.528522411296,2016-01-10,4.38,"$4,637.69",Fired
809,HR,26.0,47999.421534035304,2017-03-19,2.53,"$4,557.02",Resigned
306,Legal,39.0,41689.313611287624,2015-11-02,2.21,$528.49,Active
629,Sales,31.0,72170.94831737388,2016-09-20,4.83,"$2,423.37",Active
159,Engineering,37.0,76286.7948740902,2015-06-08,1.26,"$2,766.86",Resigned
552,R&D,47.0,58926.011222129,2016-07-05,1.93,$620.19,Active
3,  sales ,38.0,37429.19438953497,2015-01-03,2.31,"$1,309.60",Resigned
729,Engineering,35.0,39733.88450687968,2016-12-29,2.42,"$2,144.10",Active
209,Sales,32.0,50377.77607165572,2015-07-28,4.02,"$1,936.64",Active
300,Sales,,53247.16102722882,2015-10-27,1.88,"$2,566.39",Active
851,Sales,39.0,64448.63317711143,,1.25,"$1,199.48",Active
437,Sales,28.0,53449.20395939107,2016-03-12,2.23,"$4,839.63",Fired
870,Legal,60.0,73534.15760679971,2017-05-19,1.51,"$4,348.59",Active
412,Legal,21.0,66932.58999122915,2016-02-16,4.59,"$2,225.10",Fired
615,R&D,,58748.43045314459,2016-09-06,4.67,"$2,091.44",Active
908,Engineering,,36966.41815189341,2017-06-26,4.13,"$4,223.95",Resigned
913,Marketing,43.0,59410.39068558553,2017-07-01,1.9,$755.51,Active
997,Legal,28.0,56157.3037125693,2017-09-23,4.0,"$3,230.92",Resigned
963,Engineering,35.0,60652.72002965199,2017-08-20,3.27,"$2,884.52",Fired
701,HR,42.0,50912.0876886166,2016-12-01,3.81,"$3,357.22",Fired
779,  sales ,49.0,,2017-02-17,4.31,"$4,448.38",Fired
307,HR,45.0,52377.897035290334,2015-11-03,4.73,"$1,949.08",Active
105,Legal,41.0,59603.91364561609,2015-04-15,1.38,$772.77,Resigned
494,Sales,31.0,60512.28626232037,2016-05-08,4.3,"$3,624.30",Active
424,HR,40.0,,2016-02-28,1.54,"$3,401.41",Active
299,Marketing,50.0,57908.305864785005,2015-10-26,4.36,"$1,620.51",Active
468,R&D,27.0,40045.29561391515,2016-04-12,2.58,"$1,706.43",Fired
885,marketing,47.0,66948.09438148685,2017-06-03,2.64,$341.54,Fired
756,marketing,19.0,55573.651286431406,2017-01-25,3.38,"$3,577.39",Fired
107,HR,40.0,47855.94720117531,2015-04-17,4.68,"$1,711.23",Resigned
859,Marketing,55.0,44512.141447086906,2017-05-08,1.39,"$2,898.88",Active
56,Legal,37.0,65422.55287809153,2015-02-25,2.31,"$4,831.63",Resigned
121,R&D,38.0,,2015-05-01,4.08,$362.81,Active
311,HR,34.0,64901.1714690348,2015-11-07,3.13,"$4,782.68",Resigned
26,marketing,999.0,36237.96085491765,2015-01-26,3.5,"$2,866.49",Active
73,Sales,28.0,42095.447523652794,2015-03-14,1.74,"$4,555.34",Fired
531,R&D,34.0,55189.98561664212,2016-06-14,2.18,"$4,671.05",Active
45,Engineering,30.0,62529.82007950092,,4.56,"$3,824.03",Resigned
276,HR,28.0,47711.13210417754,2015-10-03,4.88,"$2,768.69",Fired
479,Legal,27.0,20936.792150592984,2016-04-23,3.72,$990.91,Resigned
315,R&D,42.0,,,1.64,$977.57,Fired
337,R&D,59.0,56571.00126989972,2015-12-03,2.65,"$1,844.19",Fired
690,Sales,39.0,56860.29270630958,2016-11-20,2.01,$386.44,Active
431,Sales,22.0,41243.88399045424,2016-03-06,3.3,"$2,773.91",Fired
951,Marketing,32.0,78463.11769732102,2017-08-08,1.65,"$4,076.97",Resigned
834,Sales,,59902.18027155813,2017-04-13,3.09,"$3,505.35",Active
589,Sales,30.0,43252.13340077011,2016-08-11,1.57,"$3,813.11",Active
704,Sales,,48500.15118324978,2016-12-04,4.65,"$2,112.58",Active
328,Marketing,24.0,69575.87888412575,2015-11-24,3.2,"$4,696.51",Active
134,Engineering,50.0,67512.66712416685,2015-05-14,1.14,"$4,160.67",Resigned
604,Sales,28.0,59270.214726443235,2016-08-26,3.53,$178.54,Fired
928,HR,,60358.54564927433,2017-07-16,1.56,"$2,015.50",Active
981,Engineering,51.0,69442.94376332716,2017-09-07,1.7,$753.09,Active
972,Legal,41.0,83595.29587822285,2017-08-29,3.05,$350.71,Fired
763,Engineering,51.0,56744.74424363444,2017-02-01,3.26,$292.87,Active
332,marketing,37.0,57558.106408915584,2015-11-28,3.45,"$4,060.51",Resigned
61,Engineering,34.0,58071.93732841604,2015-03-02,4.81,"$2,917.80",Fired
746,R&D,45.0,67240.31830813819,2017-01-15,3.33,"$1,214.66",Active
372,Sales,,84922.05248592027,2016-01-07,2.52,"$2,470.92",Resigned
93,marketing,21.0,55379.48573721388,2015-04-03,1.87,$818.81,Resigned
723,Sales,26.0,55030.374252250156,2016-12-23,2.36,"$3,516.11",Fired
491,HR,45.0,,2016-05-05,2.65,"$3,367.94",Resigned
463,  sales ,29.0,89646.60876773228,2016-04-07,4.01,"$1,774.04",Resigned
219,Marketing,29.0,57553.99554084354,2015-08-07,2.61,"$2,019.87",Resigned
514,R&D,43.0,,2016-05-28,3.48,"$3,366.76",Resigned
621,Sales,24.0,49173.9366999412,2016-09-12,1.47,"$1,617.49",Active
426,HR,35.0,,2016-03-01,4.47,"$3,769.92",Resigned
333,Sales,43.0,60613.78763093582,2015-11-29,2.49,$438.28,Fired
860,Sales,24.0,65968.90574920214,2017-05-09,1.18,"$4,330.81",Resigned
990,R&D,40.0,57053.00124857854,2017-09-16,1.09,"$3,255.15",Active
583,HR,36.0,37164.61220673163,2016-08-05,1.28,"$3,043.88",Resigned
356,Marketing,44.0,51395.97340654649,2015-12-22,4.74,"$4,430.05",Resigned
483,HR,40.0,78536.73287733231,2016-04-27,3.79,"$2,723.20",Resigned
546,Engineering,15.0,,2016-06-29,3.3,"$2,638.25",Resigned
111,Engineering,43.0,68194.26372005549,2015-04-21,1.95,"$4,734.17",Active
515,Sales,35.0,47543.333901651524,2016-05-29,2.64,"$3,154.56",Active
603,Sales,56.0,,2016-08-25,3.65,$587.94,Fired
996,Sales,21.0,55726.86759945494,2017-09-22,2.72,$268.45,Resigned
508,R&D,40.0,56226.91670933257,2016-05-22,4.18,"$4,852.11",Fired
335,Sales,36.0,71112.3651813019,2015-12-01,1.42,"$1,637.15",Fired
849,HR,35.0,53354.339683072765,2017-04-28,1.58,"$4,068.90",Resigned
295,Sales,44.0,50735.22156848475,2015-10-22,1.84,"$2,768.32",Fired
287,HR,22.0,23417.742625853563,2015-10-14,2.44,"$4,555.09",Resigned
939,Sales,42.0,51114.6606652192,2017-07-27,4.8,"$4,239.83",Fired
448,marketing,33.0,50993.64651391942,2016-03-23,3.2,"$1,109.30",Resigned
693,HR,33.0,48210.209510475266,2016-11-23,4.59,$923.30,Fired
653,Marketing,43.0,59646.71773688643,2016-10-14,3.73,$755.11,Fired
969,Marketing,36.0,65794.8497671734,2017-08-26,2.05,"$2,889.59",Resigned
278,Marketing,46.0,73115.83771069092,2015-10-05,2.39,"$4,781.70",Active
759,R&D,23.0,41314.239353304234,2017-01-28,2.38,$573.80,Active
138,  sales ,36.0,50687.28602623326,2015-05-18,1.64,"$4,210.38",Resigned
502,HR,33.0,49836.530214965176,2016-05-16,2.08,"$2,709.11",Fired
405,Engineering,25.0,26822.0713300574,2016-02-09,2.23,"$2,496.34",Resigned
524,R&D,27.0,63753.00309377542,2016-06-07,3.22,$516.33,Fired
781,Marketing,34.0,44791.56071561194,2017-02-19,2.11,"$1,745.50",Resigned
978,Sales,44.0,,2017-09-04,1.1,"$1,681.77",Active
581,HR,34.0,44559.42737726893,2016-08-03,3.26,"$4,853.36",Fired
238,Sales,30.0,29942.064533898698,2015-08-26,2.74,$577.10,Fired
989,Engineering,36.0,52253.55534168643,2017-09-15,1.79,$658.43,Fired
216,Engineering,32.0,76052.25357474641,2015-08-04,1.85,$363.77,Resigned
895,Marketing,51.0,44871.67973885688,2017-06-13,2.26,"$2,279.09",Active
245,Sales,52.0,14707.317662687623,2015-09-02,3.63,"$1,752.92",Resigned
553,Marketing,32.0,,2016-07-06,3.5,"$4,203.62",Resigned
838,Engineering,27.0,61229.933346203405,2017-04-17,2.77,"$1,917.77",Fired
864,HR,,,2017-05-13,1.18,"$2,957.22",Resigned
668,Sales,40.0,56483.88299525517,,2.14,$412.59,Fired
622,Engineering,40.0,62652.31308209097,2016-09-13,1.0,"$1,088.80",Fired
79,Engineering,29.0,64330.40443919785,2015-03-20,4.71,"$4,785.83",Fired
30,Sales,26.0,73425.57471114173,,2.84,"$4,985.05",Resigned
451,marketing,29.0,49730.55261359994,2016-03-26,4.33,"$4,888.69",Active
290,Marketing,38.0,,,2.91,"$1,076.18",Active
50,Sales,32.0,60282.744344172716,2015-02-19,2.97,"$3,263.45",Resigned
671,Sales,38.0,46257.12126778136,2016-11-01,4.4,"$1,592.00",Active
799,Marketing,27.0,64209.54606735204,2017-03-09,1.34,"$2,253.86",Active
497,Marketing,,70190.59924434756,2016-05-11,2.59,"$1,368.63",Active
166,R&D,24.0,54455.84495934549,2015-06-15,1.12,"$4,411.58",Resigned
931,Sales,46.0,47723.57001086998,2017-07-19,2.61,"$4,020.67",Resigned
179,Legal,40.0,,2015-06-28,2.13,"$4,119.24",Active
694,Engineering,35.0,39284.33095269337,2016-11-24,4.24,"$1,838.51",Active
66,HR,39.0,44584.87288611063,2015-03-07,3.58,"$3,261.57",Fired
142,Engineering,,71218.653841763,2015-05-22,1.2,"$4,408.47",Active
986,HR,26.0,72305.16018918683,2017-09-12,2.63,"$3,901.80",Resigned
352,R&D,39.0,60294.249865409845,2015-12-18,3.93,"$2,398.30",Fired
862,HR,49.0,56729.31156911439,2017-05-11,3.17,"$2,889.11",Active
441,Sales,23.0,,2016-03-16,4.9,"$2,427.99",Resigned
347,Marketing,38.0,42287.807770367326,2015-12-13,1.67,"$3,044.63",Resigned
255,Sales,,75903.1486124832,2015-09-12,4.2,"$2,145.23",Fired
695,Sales,27.0,64557.27893407314,2016-11-25,3.33,"$2,059.92",Fired
345,Engineering,51.0,60336.9883921807,2015-12-11,1.17,"$1,569.50",Fired
222,Marketing,44.0,57832.219939267234,2015-08-10,4.64,"$2,276.50",Resigned
236,  sales ,36.0,57092.60791840795,2015-08-24,2.2,"$4,961.46",Resigned
548,Marketing,33.0,54193.50446288398,2016-07-01,2.1,"$1,259.39",Fired
500,Legal,31.0,66938.86939280927,2016-05-14,2.44,$694.38,Fired
596,HR,32.0,81727.4884483939,2016-08-18,3.71,"$3,090.78",Active
941,Engineering,40.0,89312.3615062543,2017-07-29,4.63,"$3,467.45",Resigned
250,R&D,24.0,52625.45721551929,2015-09-07,4.59,"$1,244.48",Resigned
369,Sales,50.0,,,3.16,$539.82,Active
382,Marketing,57.0,63697.571676480075,2016-01-17,2.09,"$2,814.57",Resigned
72,Sales,29.0,86629.66338914268,2015-03-13,3.28,"$3,938.60",Fired
95,marketing,34.0,79654.63119179412,2015-04-05,2.0,"$4,730.62",Fired
34,Legal,36.0,,2015-02-03,2.67,$341.18,Resigned
260,Sales,45.0,33463.86142666322,2015-09-17,4.92,"$1,717.76",Fired
205,Marketing,34.0,74296.8756806413,2015-07-24,1.99,"$2,209.63",Resigned
360,Marketing,42.0,37987.121013713404,2015-12-26,2.61,"$3,481.23",Active
602,Engineering,30.0,,2016-08-24,1.87,"$2,622.24",Resigned
399,marketing,25.0,90354.0932884446,2016-02-03,3.75,"$3,745.14",Resigned
78,Sales,,56249.302281015705,2015-03-19,2.14,$995.79,Active
85,Engineering,28.0,79565.10364317229,2015-03-26,2.47,"$1,317.85",Resigned
320,Engineering,38.0,72268.34487037543,2015-11-16,1.27,$632.54,Resigned
83,Engineering,50.0,71902.3308082832,2015-03-24,2.5,"$2,482.25",Fired
948,Legal,43.0,80122.13873296321,2017-08-05,2.43,"$3,497.55",Active
708,R&D,17.0,59318.83173101643,2016-12-08,4.07,"$3,340.58",Fired
539,HR,28.0,51625.473690809544,2016-06-22,3.7,"$4,610.63",Fired
544,Marketing,39.0,,2016-06-27,3.41,$518.47,Active
826,Legal,25.0,57232.11963516226,2017-04-05,3.42,"$2,087.66",Resigned
429,Engineering,20.0,,2016-03-04,1.2,"$1,013.46",Resigned
310,Engineering,33.0,81787.01301706118,,3.74,"$1,442.54",Active
6,Sales,45.0,38136.727508026044,2015-01-06,1.52,"$2,981.16",Fired
789,HR,,72876.76674984998,,2.62,$799.79,Active
105,Legal,41.0,59603.91364561609,2015-04-15,1.38,$772.77,Resigned
98,HR,37.0,,2015-04-08,4.48,"$2,552.84",Resigned
297,marketing,19.0,69236.56724656712,2015-10-24,2.87,"$3,487.11",Resigned
409,Legal,40.0,53561.33369552007,2016-02-13,1.68,"$3,834.66",Active
446,Legal,33.0,79819.56048409519,2016-03-21,4.62,"$2,288.96",Fired
904,Marketing,38.0,70978.06056432443,,4.69,$414.06,Active
282,Engineering,6.0,57939.42317400905,2015-10-09,2.83,"$4,284.32",Fired
267,Marketing,41.0,60003.10597377296,2015-09-24,3.13,$905.01,Resigned
740,Engineering,53.0,,2017-01-09,4.76,"$1,594.03",Fired
887,Marketing,25.0,72722.61319000002,2017-06-05,2.66,"$1,832.02",Fired
535,marketing,35.0,69988.86378081692,2016-06-18,4.46,"$3,711.95",Fired
433,Marketing,27.0,73234.99593485113,2016-03-08,1.11,"$1,530.36",Active
912,Engineering,,56338.79289488698,2017-06-30,4.32,"$1,166.18",Resigned
657,Engineering,32.0,58027.911064924985,2016-10-18,1.51,"$3,415.42",Resigned
119,R&D,47.0,68413.79171911858,2015-04-29,3.39,"$4,377.91",Fired
406,R&D,44.0,,,3.19,"$1,823.08",Active
251,Engineering,,,2015-09-08,2.6,$434.11,Fired
378,Sales,57.0,55234.27354865649,2016-01-13,2.23,"$1,108.39",Active
616,Legal,36.0,38255.32170452205,2016-09-07,3.6,"$4,411.20",Fired
10,  sales ,18.0,80106.75669034716,2015-01-10,1.25,$530.16,Fired
358,Marketing,22.0,83235.30227242781,2015-12-24,3.54,"$3,450.96",Fired
197,  sales ,30.0,76861.6907997902,2015-07-16,1.25,"$4,583.51",Resigned
632,R&D,40.0,83068.97877618829,2016-09-23,1.34,$297.64,Resigned
82,Marketing,19.0,72162.12409739674,2015-03-23,1.57,$405.91,Fired
527,HR,35.0,69100.84588704274,2016-06-10,4.27,"$2,244.81",Active
831,Engineering,32.0,69772.82987009258,2017-04-10,1.24,"$3,055.90",Fired
906,R&D,46.0,64742.33935774167,2017-06-24,2.12,"$3,723.95",Active
240,Sales,39.0,41411.12407719791,2015-08-28,1.47,"$1,793.34",Active
324,Engineering,33.0,76881.52176622154,2015-11-20,4.75,"$1,778.70",Fired
212,Marketing,14.0,,2015-07-31,4.27,$641.96,Active
847,Sales,30.0,81050.54955187786,2017-04-26,2.53,"$2,924.80",Fired
549,HR,22.0,70433.06636348667,2016-07-02,4.07,"$2,469.14",Active
498,Sales,38.0,42768.08947262016,2016-05-12,1.63,$358.85,Fired
228,Engineering,41.0,47743.67053397714,2015-08-16,2.37,"$3,912.43",Fired
892,R&D,31.0,68730.3985062709,2017-06-10,4.83,"$1,616.40",Active
815,R&D,11.0,72726.46323307927,2017-03-25,3.35,"$4,807.66",Active
829,  sales ,38.0,,2017-04-08,3.29,"$4,281.25",Fired
178,Engineering,39.0,107066.22800489991,2015-06-27,2.11,"$1,058.99",Active
975,Sales,40.0,58890.78651587411,2017-09-01,2.98,"$1,620.15",Resigned
434,Sales,43.0,53218.645007503794,2016-03-09,3.33,"$3,768.18",Fired
944,R&D,41.0,82224.95103693899,2017-08-01,2.42,"$3,537.67",Resigned
517,Engineering,,66275.97331333025,2016-05-31,2.32,"$2,499.95",Active
351,HR,38.0,66577.13608214591,2015-12-17,3.01,"$1,100.03",Fired
519,Legal,37.0,69756.75138804209,2016-06-02,4.4,"$1,738.77",Fired
8,R&D,39.0,,2015-01-08,2.42,"$3,115.56",Resigned
156,Engineering,29.0,37455.445074072704,2015-06-05,3.26,"$2,026.30",Active
945,Engineering,25.0,89438.80785796192,2017-08-02,3.68,$148.16,Fired
7,Sales,43.0,55361.863844252046,2015-01-07,2.03,"$2,189.85",Active
330,Engineering,54.0,69047.81146623514,2015-11-26,4.33,"$4,448.60",Resigned
543,Engineering,34.0,66866.59299227828,2016-06-26,3.38,"$2,476.59",Resigned
440,Sales,56.0,56294.61448881005,2016-03-15,2.59,"$2,192.81",Active
810,Sales,35.0,59047.13138076967,2017-03-20,1.87,$130.30,Active
901,Engineering,39.0,70187.14163157293,2017-06-19,3.71,"$3,075.89",Resigned
371,Sales,25.0,57362.18393351893,2016-01-06,2.73,$129.63,Active
605,Sales,42.0,60491.9549311738,2016-08-27,3.37,"$4,822.06",Resigned
974,Engineering,16.0,57737.43432649957,2017-08-31,1.03,"$2,510.81",Active
594,Engineering,18.0,,,4.6,"$2,479.61",Resigned
877,  sales ,36.0,43620.9914940703,,4.8,"$4,836.45",Active
555,R&D,36.0,73355.74745279679,2016-07-08,1.87,"$1,055.30",Active
754,Engineering,33.0,46219.70232770858,2017-01-23,1.23,"$4,466.59",Fired
874,HR,31.0,75458.70878436086,2017-05-23,2.43,"$1,313.40",Resigned
533,CEO_Office,48.0,63451.06138787103,2016-06-16,4.06,"$2,561.62",Active
867,Sales,,54442.37852114956,2017-05-16,2.19,$553.00,Fired
229,R&D,45.0,69888.68502648608,2015-08-17,2.72,"$2,357.59",Active
391,CEO_Office,,,2016-01-26,4.79,"$4,765.11",Resigned
760,marketing,6.0,60824.01166499773,2017-01-29,4.21,"$3,630.24",Resigned
213,Marketing,32.0,77833.70057211965,2015-08-01,4.03,$274.39,Resigned
80,Sales,41.0,63904.82758156831,2015-03-21,4.88,"$1,945.71",Resigned
149,Sales,50.0,76514.39452497856,2015-05-29,4.21,"$3,427.90",Active
303,HR,31.0,38342.17775799688,2015-10-30,4.29,"$3,263.12",Fired
449,Engineering,44.0,32001.900729590758,2016-03-24,1.2,$104.62,Active
362,Marketing,48.0,60763.31552784027,2015-12-28,3.13,$373.13,Resigned
532,CEO_Office,43.0,86928.17033868484,2016-06-15,1.84,"$4,620.96",Resigned
530,R&D,39.0,73314.83138810754,2016-06-13,4.97,"$1,800.31",Active
44,Legal,31.0,50249.961287648104,2015-02-13,4.96,"$3,814.40",Active
674,HR,61.0,49263.60016333872,2016-11-04,4.85,"$3,616.61",Resigned
134,Engineering,50.0,67512.66712416685,2015-05-14,1.14,"$4,160.67",Resigned
576,Legal,9.0,63918.75796850784,2016-07-29,3.66,$622.46,Fired
312,Sales,34.0,,2015-11-08,1.13,"$4,772.80",Resigned
635,Sales,28.0,75264.92200265254,2016-09-26,3.43,$825.00,Resigned
568,HR,44.0,47058.36353935319,2016-07-21,1.33,"$1,385.80",Active
821,R&D,33.0,31851.709409371888,2017-03-31,4.14,"$3,692.49",Fired
1,Engineering,36.0,38905.23804492249,2015-01-01,2.11,"$1,417.11",Resigned
478,Marketing,39.0,,2016-04-22,2.63,"$4,252.98",Active
317,HR,35.0,70057.20925861818,2015-11-13,4.88,"$4,744.12",Fired
738,R&D,41.0,26710.494408786974,2017-01-07,1.25,"$2,400.09",Active
573,Engineering,40.0,70253.53984800716,2016-07-26,3.19,"$2,897.44",Resigned
381,Sales,10.0,43328.13064594452,2016-01-16,1.16,"$4,433.95",Resigned
833,Sales,43.0,56977.626990787234,2017-04-12,4.05,"$2,764.56",Resigned
973,  sales ,28.0,53012.91646322756,2017-08-30,2.15,"$1,241.01",Resigned
962,Marketing,33.0,66949.3279517716,2017-08-19,3.78,"$3,783.81",Active
173,HR,22.0,46414.015487060715,2015-06-22,2.27,"$3,349.42",Fired
126,HR,35.0,66715.75388715416,2015-05-06,1.82,$924.57,Fired
667,Engineering,29.0,64413.3619352024,2016-10-28,1.1,"$3,718.88",Resigned
648,Marketing,23.0,59067.134745010335,2016-10-09,4.25,$524.86,Resigned
835,HR,33.0,68981.91584342865,2017-04-14,1.91,"$2,624.32",Resigned
940,Marketing,30.0,61853.21543933373,2017-07-28,4.52,"$1,862.41",Fired
91,Sales,33.0,43414.42997271096,2015-04-01,3.69,"$4,300.43",Resigned
979,HR,51.0,43040.7699759371,2017-09-05,3.34,"$1,364.73",Resigned
182,Sales,48.0,,2015-07-01,3.86,"$2,344.34",Active
364,HR,36.0,63659.29796862751,2015-12-30,2.71,"$1,279.94",Active
275,HR,29.0,39811.936147901775,2015-10-02,2.04,"$4,124.13",Fired
965,Engineering,25.0,22056.598834585457,2017-08-22,3.94,"$2,424.73",Fired
70,Legal,29.0,66407.91542807527,2015-03-11,3.65,"$1,418.89",Fired
292,Sales,39.0,78541.96082709327,2015-10-19,2.45,"$1,515.95",Resigned
132,Engineering,37.0,93469.50219288949,2015-05-12,3.01,"$3,061.13",Resigned
301,Sales,31.0,60007.91938284896,2015-10-28,2.52,"$4,002.56",Fired
606,HR,37.0,48622.569979498956,2016-08-28,1.06,"$1,947.23",Fired
327,Marketing,41.0,46490.68898028197,2015-11-23,2.42,$815.50,Resigned
145,Engineering,46.0,91111.2400462496,2015-05-25,3.43,"$2,098.11",Active
899,Sales,44.0,61430.162991619625,2017-06-17,1.72,"$3,438.28",Active
473,Sales,15.0,38232.36464922661,2016-04-17,4.04,"$4,287.28",Resigned
669,Sales,47.0,,2016-10-30,2.77,"$1,997.39",Active
136,Engineering,37.0,51859.89300398967,2015-05-16,2.75,"$3,576.01",Fired
452,Marketing,21.0,71859.38398744153,2016-03-27,4.22,"$1,287.53",Resigned
165,Sales,53.0,69323.57834784077,2015-06-14,2.38,"$2,259.26",Active
29,Marketing,47.0,36282.139469518,2015-01-29,1.33,"$4,665.53",Fired
588,Sales,25.0,,2016-08-10,2.63,"$2,461.88",Resigned
194,Marketing,28.0,62921.04292078162,2015-07-13,1.74,"$2,151.61",Active
430,Sales,52.0,59989.37108135031,2016-03-05,1.16,"$3,771.91",Resigned
666,Sales,28.0,63952.30822996589,2016-10-27,1.75,"$4,010.19",Active
987,Marketing,56.0,59495.811529444305,2017-09-13,3.09,"$4,058.99",Resigned
170,Marketing,37.0,59229.094146172705,2015-06-19,2.06,"$4,915.42",Active
526,HR,26.0,106648.7783400804,2016-06-09,1.06,"$3,325.71",Resigned
141,Legal,45.0,30310.502844363185,2015-05-21,1.95,"$1,878.62",Active
174,Engineering,49.0,,2015-06-23,4.39,"$3,017.30",Resigned
7,Sales,43.0,55361.863844252046,2015-01-07,2.03,"$2,189.85",Active
765,Sales,28.0,96400.74729518284,2017-02-03,2.59,"$3,894.98",Fired
520,Sales,38.0,37453.79547360273,2016-06-03,1.81,"$2,644.63",Active
679,Legal,47.0,67495.27665454401,2016-11-09,1.34,"$4,360.71",Active
74,R&D,46.0,73787.31260415002,2015-03-15,2.11,"$1,914.14",Fired
714,HR,36.0,81654.48005203222,2016-12-14,2.82,"$4,558.66",Resigned
676,Legal,17.0,82308.6923300389,2016-11-06,2.91,"$1,948.29",Resigned
239,Marketing,31.0,69531.2704531384,2015-08-27,1.66,"$3,561.22",Resigned
146,Sales,19.0,46209.23112620365,2015-05-26,2.12,"$4,443.26",Fired
824,Engineering,27.0,42155.00011364458,2017-04-03,4.83,"$2,737.28",Active
235,Sales,52.0,72442.12262897623,2015-08-23,2.97,"$2,738.14",Fired
221,Marketing,48.0,49872.325875384275,2015-08-09,4.58,"$1,772.10",Resigned
215,  sales ,24.0,65271.72311312374,2015-08-03,1.03,"$1,240.37",Active
689,marketing,23.0,70249.93489216604,2016-11-19,3.76,"$1,218.82",Resigned
133,Sales,37.0,69570.76652161135,2015-05-13,1.2,"$2,358.40",Resigned
590,Sales,26.0,78537.17430010409,2016-08-12,3.86,"$1,481.40",Fired
458,HR,29.0,,,2.8,"$3,041.23",Resigned
685,Legal,29.0,73037.3409658391,2016-11-15,3.55,"$2,029.40",Resigned
423,Sales,36.0,70796.36913222272,2016-02-27,4.9,"$2,069.19",Resigned
186,Marketing,49.0,61343.71021882873,2015-07-05,2.25,"$1,672.19",Active
42,HR,49.0,,2015-02-11,3.15,"$3,406.98",Fired
639,Engineering,50.0,65860.43881392216,2016-09-30,2.26,"$1,097.32",Resigned
109,Engineering,40.0,52892.409793936255,2015-04-19,2.17,"$3,783.94",Active
617,Sales,21.0,46172.1028031203,2016-09-08,1.41,"$3,278.55",Fired
57,Sales,50.0,42844.10689019007,2015-02-26,2.82,"$2,028.42",Fired
450,Sales,57.0,75112.70534755383,2016-03-25,2.7,$292.40,Resigned
774,Engineering,26.0,65844.21266056356,2017-02-12,3.35,"$4,477.19",Active
590,Sales,26.0,78537.17430010409,2016-08-12,3.86,"$1,481.40",Fired
896,Engineering,31.0,30560.614624911315,2017-06-14,2.57,"$2,925.07",Fired
436,  sales ,47.0,63988.173444780725,2016-03-11,4.15,"$1,158.55",Fired
25,HR,30.0,32952.90485616082,2015-01-25,1.58,"$2,346.74",Resigned
811,Legal,24.0,78561.57202026209,2017-03-21,2.77,"$4,072.35",Resigned
495,HR,,43691.31091705796,2016-05-09,3.69,"$4,657.81",Resigned
827,Engineering,,50928.83003192681,2017-04-06,1.88,$928.89,Active
982,marketing,42.0,,2017-09-08,2.89,"$4,645.95",Fired
929,Marketing,33.0,54728.78646429401,2017-07-17,2.66,"$4,884.64",Fired
966,Engineering,37.0,55550.88811395303,2017-08-23,3.44,"$1,735.51",Fired
339,HR,37.0,21564.995118070343,2015-12-05,3.63,"$3,022.69",Fired
52,marketing,25.0,63498.24196895253,2015-02-21,4.35,"$1,586.59",Active
384,R&D,18.0,77102.235577819,2016-01-19,4.91,"$1,057.74",Active
540,Sales,33.0,43497.68650542457,2016-06-23,4.39,$158.81,Active
992,Marketing,51.0,,2017-09-18,3.31,"$2,929.03",Fired
661,Engineering,41.0,,2016-10-22,4.01,"$1,727.65",Active
964,Engineering,46.0,68372.09271777759,2017-08-21,4.18,"$1,445.86",Resigned
265,R&D,33.0,47663.70101426699,2015-09-22,1.13,"$1,560.52",Fired
955,HR,42.0,89805.91667549162,2017-08-12,1.84,"$3,495.31",Resigned
742,Engineering,40.0,104778.88503905115,2017-01-11,4.82,$732.45,Active
713,HR,29.0,52603.15766400342,2016-12-13,4.03,"$2,559.53",Fired
445,R&D,33.0,50259.40442517861,2016-03-20,2.09,"$1,335.65",Fired
396,Legal,32.0,91343.08082542161,2016-01-31,1.1,"$1,359.61",Resigned
542,Marketing,40.0,71684.04755268172,2016-06-25,3.71,"$3,729.25",Resigned
496,Engineering,36.0,43712.62306672222,2016-05-10,4.3,"$2,685.18",Resigned
19,HR,35.0,76140.10707897898,2015-01-19,2.21,"$3,377.50",Active
747,Engineering,53.0,,2017-01-16,2.61,$914.31,Resigned
523,Legal,33.0,,2016-06-06,4.29,"$1,010.31",Fired
595,R&D,49.0,76760.9822385369,2016-08-17,4.17,"$4,572.72",Active
480,HR,34.0,62984.22220194742,2016-04-24,1.23,"$2,208.70",Fired
368,Legal,20.0,47572.54462829631,2016-01-03,4.33,"$1,560.09",Resigned
84,Sales,52.0,33772.02040142729,2015-03-25,4.19,$634.17,Resigned
62,Engineering,41.0,31772.264317535413,2015-03-03,1.7,"$1,113.41",Fired
484,Marketing,25.0,43934.19480526427,,1.77,"$3,213.08",Resigned
273,R&D,39.0,50128.25266387115,2015-09-30,4.27,"$4,556.20",Fired
286,Sales,23.0,51258.62013582627,2015-10-13,3.31,"$4,680.50",Fired
361,Engineering,32.0,62471.41261854775,,4.01,"$1,648.90",Active
355,Sales,,54689.38933588464,2015-12-21,4.54,$638.33,Resigned
612,marketing,28.0,46057.33709711385,2016-09-03,1.54,$717.97,Resigned
279,  sales ,40.0,63938.419935028876,2015-10-06,1.2,"$1,310.11",Resigned
13,R&D,37.0,57598.00806650039,Unknown,1.59,"$1,148.57",Resigned
183,Legal,36.0,67816.83642569007,2015-07-02,3.82,"$1,357.57",Resigned
369,Sales,50.0,,,3.16,$539.82,Active
528,Engineering,34.0,57252.05071919418,2016-06-11,1.16,"$1,456.10",Resigned
644,Engineering,26.0,59347.84575279206,2016-10-05,3.13,$268.71,Fired
224,Engineering,28.0,55380.5770554144,2015-08-12,3.76,"$2,593.58",Fired
600,Sales,53.0,63904.20759874329,2016-08-22,1.0,"$4,275.04",Resigned
766,Marketing,,,2017-02-04,2.19,$758.72,Active
707,Engineering,,54193.04025315728,2016-12-07,1.23,"$3,489.43",Fired
571,HR,23.0,75899.04576069933,2016-07-24,3.53,"$2,300.48",Resigned
487,Sales,33.0,33321.18623990225,2016-05-01,4.54,$303.34,Resigned
466,Engineering,22.0,61565.339062848194,2016-04-10,2.77,"$4,497.25",Fired
933,Legal,13.0,67497.96185610557,2017-07-21,4.99,$433.38,Resigned
637,HR,35.0,68272.14412859284,2016-09-28,1.96,"$1,124.58",Active
177,Marketing,38.0,27964.886790319568,2015-06-26,3.96,"$3,946.81",Active
696,Marketing,41.0,70823.43757689215,2016-11-26,3.92,$381.22,Fired
656,Sales,37.0,54457.096067499624,2016-10-17,3.53,"$4,712.54",Fired
614,Sales,36.0,50249.64098389653,2016-09-05,4.33,"$3,855.10",Active
457,Sales,51.0,,2016-04-01,1.38,"$3,667.77",Active
545,Marketing,35.0,59916.059717564305,2016-06-28,3.73,"$4,865.06",Resigned
394,marketing,34.0,62276.3698837311,,2.06,"$4,416.39",Active
164,HR,34.0,54852.11586753884,2015-06-13,1.94,"$2,650.66",Resigned
249,Legal,41.0,63144.891229119385,2015-09-06,3.63,"$1,281.71",Fired
663,Marketing,36.0,40616.059573415725,2016-10-24,3.0,"$3,850.05",Resigned
921,R&D,38.0,65802.12781033805,2017-07-09,2.68,"$1,519.67",Resigned
998,Sales,34.0,56377.53831193832,2017-09-24,4.65,$499.09,Fired
376,Engineering,45.0,50754.57887940784,2016-01-11,2.94,$892.30,Resigned
413,Legal,28.0,90364.64434930279,2016-02-17,1.34,"$4,257.51",Active
75,  sales ,49.0,,2015-03-16,1.87,"$3,781.27",Fired
917,Engineering,24.0,76226.50091509243,2017-07-05,1.72,"$1,804.33",Fired
114,R&D,46.0,58355.852941112535,2015-04-24,2.87,$745.27,Fired
501,Marketing,36.0,,2016-05-15,3.69,"$1,583.60",Active
586,Engineering,33.0,83005.91564874748,2016-08-08,2.36,"$3,190.78",Active
115,Marketing,48.0,58674.55561191997,2015-04-25,4.04,"$3,554.70",Resigned
418,Engineering,40.0,60287.21666123628,2016-02-22,3.41,"$3,733.97",Fired
90,HR,55.0,53837.78568068123,2015-03-31,1.7,"$4,307.62",Active
959,Sales,,83312.40631072162,2017-08-16,4.12,"$3,087.44",Fired
902,Sales,34.0,55469.317507652035,2017-06-20,3.19,$534.03,Resigned
634,HR,56.0,46237.457684786044,2016-09-25,2.52,"$2,395.93",Fired
678,Engineering,,63591.067508030654,2016-11-08,3.17,"$2,229.20",Active
12,Legal,37.0,61725.39118721126,Unknown,4.24,"$2,638.58",Resigned
397,R&D,,35885.08459322912,2016-02-01,3.41,"$2,378.68",Resigned
558,Sales,31.0,60746.6053077144,2016-07-11,3.42,$403.54,Resigned
43,Sales,57.0,56627.16027287882,,4.36,"$1,271.43",Active
168,Sales,28.0,59561.057794725326,2015-06-17,3.67,"$2,588.01",Fired
417,Engineering,34.0,66388.30809289553,2016-02-21,3.65,"$3,153.73",Resigned
788,HR,40.0,,2017-02-26,1.16,"$4,798.47",Resigned
427,HR,27.0,82261.74042803947,2016-03-02,4.71,"$1,849.21",Active
918,Legal,28.0,40316.71209852891,2017-07-06,4.2,"$3,139.15",Fired
453,HR,34.0,30448.442734322467,2016-03-28,1.9,"$3,350.22",Resigned
715,Engineering,50.0,41152.396585811155,2016-12-15,2.65,"$3,614.58",Fired
732,R&D,33.0,68208.9719606695,2017-01-01,4.53,"$4,149.68",Active
258,Marketing,20.0,,2015-09-15,2.86,"$4,535.97",Resigned
336,Sales,38.0,52301.79650292622,2015-12-02,2.42,"$3,214.66",Resigned
16,Sales,45.0,48720.460023917716,Unknown,1.62,"$4,078.14",Fired
658,Engineering,51.0,72390.7075716226,2016-10-19,3.31,"$1,880.68",Resigned
325,Legal,46.0,42158.82160699008,2015-11-21,3.65,"$3,175.58",Active
790,Legal,29.0,56480.69145063879,2017-02-28,3.07,"$2,941.16",Fired
223,Sales,35.0,48113.70118500058,2015-08-11,2.26,"$3,410.38",Active
180,Sales,39.0,63348.5837119374,2015-06-29,4.85,"$3,278.86",Fired
100,Sales,46.0,47911.94900255717,2015-04-10,3.51,"$2,601.80",Active
522,Engineering,44.0,45029.090590283806,2016-06-05,3.76,"$4,045.35",Active
23,Engineering,35.0,49373.898496343056,2015-01-23,3.32,$853.54,Fired
357,Sales,46.0,61527.8444289298,,4.67,"$1,780.36",Resigned
697,Engineering,33.0,,2016-11-27,2.46,"$2,958.21",Active
897,Engineering,47.0,65244.750709495405,2017-06-15,1.95,"$4,918.37",Resigned
341,HR,46.0,96189.23132419374,2015-12-07,2.58,"$1,972.41",Resigned
432,marketing,28.0,,2016-03-07,2.57,"$1,099.92",Resigned
577,Sales,29.0,54460.84291130695,2016-07-30,4.86,"$1,897.31",Fired
868,Sales,44.0,38916.494712320375,2017-05-17,1.31,"$2,343.71",Active
204,R&D,34.0,72935.90208574139,2015-07-23,3.01,"$4,651.16",Fired
737,Engineering,50.0,61288.39509439996,2017-01-06,3.59,"$1,525.30",Fired
94,Marketing,27.0,71694.9079840401,2015-04-04,4.5,"$3,482.58",Active
584,Engineering,25.0,76690.32562484888,2016-08-06,1.36,"$3,534.24",Active
69,Sales,28.0,74541.85800790106,2015-03-10,2.49,"$2,086.09",Resigned
651,Sales,38.0,68469.088888404,2016-10-12,2.61,"$2,001.07",Resigned
285,Marketing,,63980.435240994426,2015-10-12,2.01,"$3,870.27",Fired
837,Legal,,48987.39301832256,2017-04-16,1.32,"$3,095.57",Active
435,Sales,32.0,52949.36778360748,2016-03-10,1.05,"$2,464.75",Active
154,HR,13.0,58410.774685437966,2015-06-03,1.95,"$1,561.54",Active
76,  sales ,,49940.69686385033,2015-03-17,15.0,"$4,495.28",Fired
762,Engineering,52.0,41122.426339869984,2017-01-31,1.32,"$1,003.08",Active
447,Legal,35.0,81294.04506770456,2016-03-22,2.5,$704.90,Resigned
189,HR,34.0,57076.375794709784,2015-07-08,2.77,"$2,232.79",Active
272,R&D,38.0,46993.0467643365,,4.75,$445.62,Fired
237,Engineering,28.0,56032.27738034084,2015-08-25,3.38,"$4,301.90",Fired
488,Engineering,25.0,64794.777388784656,2016-05-02,4.58,"$1,678.13",Active
560,Marketing,36.0,50095.18290789829,2016-07-13,1.18,$684.13,Resigned
118,Sales,36.0,83979.70755757076,2015-04-28,2.72,"$1,336.34",Fired
852,  sales ,26.0,66947.77192901378,2017-05-01,1.28,"$2,572.06",Active
513,Legal,34.0,,2016-05-27,2.87,"$1,040.91",Resigned
579,HR,20.0,33356.4715065252,2016-08-01,4.56,"$3,856.32",Resigned
828,Engineering,51.0,26916.509143513962,2017-04-07,3.5,"$4,889.54",Fired
127,R&D,21.0,,2015-05-07,2.36,"$4,198.57",Fired
117,R&D,,56118.059059993466,2015-04-27,2.95,"$3,420.84",Resigned
474,R&D,38.0,59818.66578230918,2016-04-18,1.62,"$1,766.02",Fired
724,  sales ,34.0,50816.44898238374,2016-12-24,3.02,$507.79,Active
58,Sales,25.0,61628.39558664785,,4.05,$740.51,Fired
705,Sales,37.0,51756.6429613713,2016-12-05,1.08,"$2,572.72",Fired
949,R&D,38.0,48862.73651192424,2017-08-06,3.38,"$3,854.60",Resigned
370,Sales,26.0,35352.16783268749,2016-01-05,4.38,"$4,563.05",Active
269,Engineering,49.0,55081.579252306234,2015-09-26,1.69,$700.24,Active
47,Engineering,50.0,43644.01383835731,2015-02-16,1.78,"$2,112.34",Resigned
350,Marketing,38.0,,2015-12-16,1.93,"$4,137.59",Resigned
196,Engineering,16.0,54172.22320366671,2015-07-15,4.71,$101.11,Resigned
103,Engineering,30.0,41484.76692180117,2015-04-13,2.83,"$4,031.74",Active
869,R&D,46.0,,2017-05-18,1.68,"$2,032.95",Fired
722,Sales,29.0,74522.76990799292,2016-12-22,1.25,"$4,836.86",Active
768,R&D,38.0,51528.389937435866,2017-02-06,1.61,"$3,068.89",Resigned
264,HR,34.0,62285.32308050583,2015-09-21,3.96,"$1,558.49",Resigned
444,Engineering,39.0,57281.637401728454,2016-03-19,3.84,"$3,565.67",Active
706,Legal,,72893.81830469702,2016-12-06,2.26,$136.03,Fired
305,  sales ,38.0,,2015-11-01,2.84,"$2,780.52",Active
342,HR,46.0,71769.06431847035,2015-12-08,1.73,$748.12,Fired
627,HR,20.0,40506.28144608604,2016-09-18,3.16,"$1,001.82",Active
319,Sales,44.0,,2015-11-15,3.86,"$3,841.23",Resigned
150,Engineering,34.0,89375.21181330891,2015-05-30,2.57,"$3,193.74",Resigned
125,Engineering,36.0,58390.467839936566,2015-05-05,1.12,"$1,978.65",Active
818,Engineering,55.0,63169.25538419209,2017-03-28,3.22,"$1,362.40",Resigned
856,Sales,30.0,76073.14728352329,2017-05-05,3.23,"$2,604.36",Active
51,Legal,21.0,5000000.0,2015-02-20,2.93,"$4,679.27",Fired
354,Sales,39.0,68877.21200612067,,1.88,$982.78,Active
967,  sales ,,63619.829023751714,2017-08-24,2.95,"$2,938.64",Active
143,HR,,43908.854613902906,2015-05-23,3.9,"$3,654.32",Fired
471,Sales,38.0,,2016-04-15,3.29,"$2,028.81",Resigned
400,marketing,23.0,60101.99766839996,2016-02-04,1.48,"$4,604.12",Active
654,  sales ,29.0,57384.68613145746,2016-10-15,2.26,"$4,683.43",Resigned
321,HR,44.0,65646.14289146275,2015-11-17,2.67,"$4,908.16",Active
20,Engineering,35.0,60319.67473007913,2015-01-20,3.25,"$4,013.41",Fired
843,Sales,44.0,61257.39941894041,2017-04-22,1.2,"$2,215.85",Resigned
947,Sales,29.0,75171.94553112534,2017-08-04,2.67,"$1,713.96",Fired
842,Marketing,20.0,,2017-04-21,2.55,"$1,800.10",Active
408,Sales,32.0,56000.21506148378,2016-02-12,1.64,"$2,887.88",Resigned
538,Engineering,31.0,50741.20220179615,2016-06-21,4.92,"$1,747.98",Fired
880,Engineering,46.0,68298.76829977175,2017-05-29,3.22,"$2,677.86",Resigned
39,Marketing,35.0,,2015-02-08,4.11,$776.81,Fired
176,Sales,46.0,80616.57139756226,2015-06-25,4.54,"$2,168.74",Active
246,Legal,39.0,62757.743171305425,2015-09-03,4.73,"$4,154.87",Fired
938,Legal,36.0,73278.47224483486,2017-07-26,1.63,"$4,305.78",Resigned
698,Marketing,39.0,81798.90994981551,2016-11-28,3.56,"$4,433.28",Resigned
786,Legal,32.0,53878.48741259669,2017-02-24,1.71,"$2,318.84",Resigned
894,Engineering,25.0,51917.372157108926,2017-06-12,3.91,"$2,114.46",Resigned
155,Legal,39.0,99665.15020525552,2015-06-04,3.71,"$3,899.98",Active
288,HR,46.0,57985.81256720544,2015-10-15,4.29,"$4,116.16",Active
631,  sales ,48.0,72281.66465632292,2016-09-22,3.06,"$3,121.45",Fired
570,Engineering,32.0,54119.81040121306,2016-07-23,1.11,$295.62,Resigned
775,marketing,32.0,46975.6090218545,2017-02-13,4.31,"$2,220.92",Fired
18,HR,41.0,48059.612147947664,2015-01-18,2.94,"$3,281.96",Fired
128,R&D,42.0,43098.48796635292,2015-05-08,3.04,"$2,789.66",Active
323,Marketing,55.0,46955.053780879585,2015-11-19,3.45,"$3,898.65",Fired
256,Marketing,,,2015-09-13,1.42,"$1,946.65",Active
993,Engineering,28.0,57348.38755326327,2017-09-19,4.56,"$3,267.40",Fired
263,Sales,45.0,,2015-09-20,3.38,$395.11,Active
191,Sales,36.0,68903.35083421294,2015-07-10,2.37,"$1,790.58",Resigned
116,R&D,41.0,54449.83455176809,2015-04-26,1.62,"$3,735.69",Active
645,Sales,24.0,37033.38746166417,2016-10-06,4.49,"$2,284.55",Resigned
607,Engineering,48.0,56543.98928691349,2016-08-29,3.92,"$3,055.74",Resigned
181,Engineering,41.0,59176.5899907557,2015-06-30,1.04,"$2,152.95",Fired
302,HR,31.0,69018.10123393673,2015-10-29,4.23,"$3,723.40",Resigned
791,Sales,42.0,60573.56992440043,2017-03-01,3.32,"$1,484.50",Fired
744,HR,25.0,55297.054707414034,2017-01-13,2.91,"$3,922.24",Fired
755,Sales,30.0,53739.49779592374,,3.21,"$2,355.74",Active
716,Legal,55.0,72198.07780121965,2016-12-16,4.74,"$2,952.14",Active
793,HR,37.0,55504.85027989819,2017-03-03,3.69,"$2,084.35",Resigned
518,R&D,32.0,81023.97889419644,2016-06-01,3.26,"$2,690.42",Active
373,Sales,,60313.29732443942,2016-01-08,4.66,$703.91,Resigned
46,Marketing,49.0,66629.10974354114,2015-02-15,2.49,"$1,631.73",Active
946,Sales,45.0,60055.43507771771,2017-08-03,2.94,"$2,104.99",Active
158,marketing,42.0,67015.3975764815,2015-06-07,2.55,$152.50,Resigned
961,Sales,33.0,66222.98250542866,2017-08-18,2.04,$866.17,Fired
172,Sales,38.0,78928.82251070987,2015-06-21,3.71,$459.48,Resigned
17,Engineering,34.0,55214.19096500073,2015-01-17,1.33,$167.92,Active
512,HR,59.0,74682.87076172692,2016-05-26,2.16,"$2,999.41",Fired
49,HR,30.0,58521.17801573608,2015-02-18,3.97,"$4,885.15",Fired
346,Marketing,23.0,68206.78672762815,2015-12-12,2.68,"$3,249.70",Active
875,Sales,38.0,50132.481692217945,2017-05-24,4.96,"$1,805.45",Fired
516,Sales,34.0,67837.71157898636,2016-05-30,2.71,"$3,052.10",Fired
717,R&D,55.0,55815.55604502287,2016-12-17,2.0,"$4,009.24",Active
481,Marketing,40.0,66551.07827600265,2016-04-25,1.14,$910.95,Fired
284,Sales,17.0,58451.67370601256,2015-10-11,3.46,"$2,607.72",Active
750,Marketing,23.0,43036.673470111265,2017-01-19,2.57,"$1,780.83",Active
866,Marketing,39.0,,2017-05-15,4.37,"$1,923.01",Resigned
226,Engineering,38.0,63199.405610594076,2015-08-14,1.76,"$4,343.57",Active
27,Sales,,64006.89976517225,2015-01-27,2.09,"$3,348.83",Fired
814,Legal,44.0,60870.341022125926,2017-03-24,4.31,$891.09,Fired
438,R&D,37.0,59008.01078061266,2016-03-13,1.16,"$3,604.11",Fired
991,marketing,35.0,56912.1085367949,2017-09-17,4.45,"$4,188.19",Active
365,Legal,,56651.966180477924,2015-12-31,3.93,"$1,995.36",Active
230,Marketing,29.0,74063.55206439838,2015-08-18,4.32,"$4,945.32",Active
38,Sales,43.0,49212.7002113637,2015-02-07,3.67,"$1,181.19",Active
670,Engineering,35.0,49641.88421525611,2016-10-31,3.47,"$1,485.55",Active
811,Legal,24.0,78561.57202026209,2017-03-21,2.77,"$4,072.35",Resigned
375,Sales,51.0,41097.528522411296,2016-01-10,4.38,"$4,637.69",Fired
470,Legal,19.0,73824.75167886689,2016-04-14,1.65,"$3,026.83",Active
50,Sales,32.0,60282.744344172716,2015-02-19,2.97,"$3,263.45",Resigned
886,Sales,34.0,39492.93290309631,2017-06-04,2.96,"$1,992.81",Resigned
735,Engineering,34.0,58118.186099956496,2017-01-04,3.64,"$4,862.04",Active
757,Marketing,40.0,74637.25079017064,2017-01-26,4.49,"$4,920.19",Active
195,Engineering,30.0,59719.36865331154,2015-07-14,2.49,"$1,176.21",Fired
890,Engineering,40.0,69384.46400469002,2017-06-08,1.71,"$1,671.59",Active
900,Sales,30.0,,2017-06-18,4.19,"$3,608.32",Fired
504,R&D,44.0,,2016-05-18,4.97,"$3,042.86",Fired
143,HR,,43908.854613902906,2015-05-23,3.9,"$3,654.32",Fired
865,HR,24.0,,,4.78,"$3,618.27",Fired
580,Engineering,36.0,66129.79217221006,2016-08-02,3.31,"$4,834.74",Fired
447,Legal,35.0,81294.04506770456,2016-03-22,2.5,$704.90,Resigned
681,R&D,33.0,61139.32901874131,2016-11-11,1.42,"$4,743.66",Fired
163,Marketing,41.0,64036.90411867661,2015-06-12,4.1,"$1,786.05",Active
733,Marketing,27.0,68233.25752976046,2017-01-02,2.66,"$2,832.67",Active
153,Sales,20.0,,2015-06-02,4.09,"$4,716.09",Resigned
712,Marketing,60.0,49654.08338903739,2016-12-12,2.58,"$2,161.61",Fired
731,Sales,23.0,67227.99092577737,2016-12-31,1.46,"$1,099.57",Resigned
787,Marketing,35.0,45062.769078146564,2017-02-25,3.89,"$1,465.60",Fired
112,Sales,40.0,60096.33404716407,2015-04-22,4.63,"$1,633.31",Resigned
227,Legal,43.0,60018.082130433366,2015-08-15,1.74,$148.56,Active
719,Sales,45.0,71855.57844077567,2016-12-19,3.34,"$2,338.75",Active
104,HR,45.0,51113.036112706584,2015-04-14,2.4,"$4,320.95",Fired
422,marketing,30.0,57136.44312409052,2016-02-26,4.34,$351.19,Fired
420,marketing,48.0,67318.08427306611,2016-02-24,1.94,"$4,240.69",Resigned
782,HR,27.0,61285.307421050384,2017-02-20,4.76,"$3,113.84",Active
587,Sales,34.0,51962.978054215535,2016-08-09,4.67,"$2,332.68",Active
812,R&D,5.0,,2017-03-22,1.19,"$4,747.01",Fired
673,Sales,37.0,,2016-11-03,1.5,"$3,249.61",Fired
120,HR,26.0,,2015-04-30,5.0,$927.41,Active
54,R&D,27.0,64306.86247802736,2015-02-23,4.44,"$3,852.71",Active
152,Engineering,53.0,67450.48834854782,2015-06-01,1.5,"$1,319.08",Fired
404,R&D,19.0,,2016-02-08,1.89,"$2,279.78",Fired
985,  sales ,32.0,63797.478570569714,2017-09-11,3.2,$620.45,Active
208,Marketing,43.0,67742.67430672438,2015-07-27,4.0,"$1,809.28",Resigned
659,Marketing,39.0,53448.53644142674,2016-10-20,3.77,"$4,697.09",Active
925,HR,39.0,63739.62893462593,2017-07-13,4.47,"$3,549.75",Fired
794,Marketing,21.0,59246.93074437383,2017-03-04,2.93,"$4,994.09",Active
9,Marketing,34.0,64787.61765628771,2015-01-09,3.7,$499.72,Resigned
980,Marketing,48.0,69340.66835850403,2017-09-06,4.77,"$2,373.53",Active
37,Engineering,37.0,27722.768980060428,2015-02-06,3.3,"$1,355.34",Resigned
453,HR,34.0,30448.442734322467,2016-03-28,1.9,"$3,350.22",Resigned
652,HR,43.0,44705.034919618265,2016-10-13,3.69,"$4,164.87",Fired
254,Engineering,41.0,67582.0523874994,2015-09-11,4.31,"$1,527.67",Resigned
304,Marketing,55.0,25557.28570294143,2015-10-31,2.54,$863.29,Active
778,  sales ,26.0,60050.63259895742,2017-02-16,3.52,"$2,007.12",Active
572,marketing,16.0,69255.08924365047,2016-07-25,2.71,"$2,930.30",Resigned
624,HR,42.0,55925.1733451092,2016-09-15,2.43,"$3,825.96",Active
741,HR,,62628.17128362768,2017-01-10,3.6,"$1,044.11",Active
751,Sales,36.0,67104.48115217182,2017-01-20,1.65,"$4,941.81",Active
263,Sales,45.0,,2015-09-20,3.38,$395.11,Active
611,Sales,39.0,32307.18206642859,2016-09-02,2.37,"$2,920.76",Fired
298,Engineering,30.0,78058.26655753225,2015-10-25,2.93,$921.08,Fired
415,Marketing,19.0,,2016-02-19,1.4,"$3,990.28",Resigned
151,Legal,29.0,41556.756083213746,2015-05-31,4.0,"$1,425.74",Resigned
820,Engineering,27.0,52621.46328740692,2017-03-30,3.53,"$3,495.25",Active
641,Sales,40.0,75709.76559932172,2016-10-02,1.71,"$2,184.98",Fired
926,Sales,32.0,,2017-07-14,1.24,"$1,165.52",Fired
551,HR,50.0,55590.49578503727,2016-07-04,3.77,$466.99,Active
823,Engineering,28.0,,2017-04-02,2.66,"$1,508.80",Active
489,Legal,27.0,52437.302534884926,2016-05-03,2.19,"$2,842.75",Fired
711,marketing,29.0,59792.433808586444,2016-12-11,3.7,"$4,897.26",Active
148,HR,38.0,55709.936671798336,2015-05-28,2.52,"$4,810.94",Fired
147,Marketing,29.0,22045.687158805056,2015-05-27,1.69,$331.26,Resigned
752,Legal,17.0,46104.28305027692,,3.94,"$2,477.63",Fired
971,Marketing,,86332.13547473235,2017-08-28,3.4,"$2,641.86",Fired
771,Sales,33.0,36210.250316430625,2017-02-09,1.32,"$3,939.16",Resigned
660,Marketing,42.0,35901.34348891981,2016-10-21,3.8,"$1,450.28",Active
349,Engineering,34.0,70730.71973161866,2015-12-15,3.23,"$1,876.26",Fired
464,Marketing,,36536.37582433423,2016-04-08,1.21,"$3,277.48",Resigned
326,  sales ,24.0,84640.09429883945,2015-11-22,1.31,"$1,040.88",Fired
187,R&D,28.0,57039.923695390105,,2.36,"$3,020.65",Fired
124,Sales,47.0,65544.6328829714,2015-05-04,1.68,"$4,260.58",Fired
889,Sales,43.0,68284.49906519285,2017-06-07,2.34,"$2,506.00",Fired
609,HR,35.0,73352.9761668718,2016-08-31,3.66,"$3,447.26",Active
144,Engineering,27.0,63588.702961667244,2015-05-24,1.45,$651.69,Resigned
508,R&D,40.0,56226.91670933257,2016-05-22,4.18,"$4,852.11",Fired
198,R&D,10.0,74212.89693184287,2015-07-17,1.37,"$4,235.01",Resigned
610,Marketing,27.0,75528.74002085629,2016-09-01,3.23,"$4,669.58",Fired
280,marketing,31.0,62903.848670513165,2015-10-07,1.21,"$4,312.26",Active
294,Engineering,22.0,62959.73561108393,2015-10-21,2.31,"$2,027.27",Active
401,Sales,36.0,57149.41447497758,2016-02-05,4.75,"$2,176.47",Active
123,Engineering,35.0,77596.86956379961,2015-05-03,4.31,"$2,429.83",Fired
184,R&D,42.0,,2015-07-03,3.49,"$3,785.36",Active
203,Sales,25.0,50599.24163115052,2015-07-22,2.79,"$3,647.74",Active
439,  sales ,26.0,91495.82683749773,2016-03-14,3.35,"$4,789.96",Fired
247,HR,,87007.66772266281,2015-09-04,4.28,$102.93,Fired
416,HR,39.0,50070.26733305086,2016-02-20,1.07,"$4,710.86",Active
808,Legal,31.0,,2017-03-18,4.61,"$2,897.18",Resigned
797,Legal,18.0,81962.65858128657,2017-03-07,1.09,$504.60,Resigned
960,  sales ,52.0,72809.63964828335,2017-08-17,3.26,"$4,583.98",Fired
800,Legal,26.0,86379.307262927,,4.26,"$2,601.25",Active
924,marketing,46.0,75355.64319160471,2017-07-12,4.22,"$2,114.61",Fired
130,HR,56.0,,2015-05-10,4.64,"$3,629.88",Resigned
638,Engineering,,,2016-09-29,1.38,$738.73,Fired
403,HR,44.0,57294.12477356388,2016-02-07,3.49,"$4,811.60",Active
937,Sales,38.0,69382.62025246554,2017-07-25,1.53,"$3,910.87",Resigned
802,Sales,46.0,65837.38793501892,2017-03-12,1.53,"$1,650.64",Active
736,R&D,33.0,64918.19286239036,2017-01-05,2.77,"$2,611.81",Active
950,Marketing,53.0,52720.41246948198,2017-08-07,3.3,"$1,590.06",Fired
220,R&D,40.0,48826.46032790326,2015-08-08,4.54,"$4,031.77",Fired
642,Engineering,45.0,77543.8498864166,2016-10-03,4.95,"$2,870.54",Resigned
952,Marketing,31.0,85275.21418062763,2017-08-09,2.89,"$1,540.19",Resigned
784,Engineering,43.0,63830.756335114755,2017-02-22,4.5,"$4,814.09",Resigned
888,Engineering,29.0,41512.15027847236,2017-06-06,1.1,"$1,646.60",Fired
957,HR,24.0,54972.933282428225,2017-08-14,1.1,"$1,203.29",Active
625,Marketing,44.0,85101.78135447805,2016-09-16,2.02,"$3,414.35",Resigned
873,Marketing,36.0,67661.88132791393,2017-05-22,1.98,"$4,794.88",Active
923,R&D,41.0,90184.05668551147,2017-07-11,4.33,"$1,146.36",Fired
387,Engineering,48.0,47837.137331844926,2016-01-22,3.91,"$1,706.41",Resigned
972,Legal,41.0,83595.29587822285,2017-08-29,3.05,$350.71,Fired
510,  sales ,13.0,81335.54792547761,2016-05-24,3.31,"$4,620.76",Fired
268,  sales ,19.0,59860.495182920786,2015-09-25,1.41,"$3,937.49",Fired
853,Engineering,28.0,62959.3839844681,2017-05-02,3.3,"$1,378.16",Resigned
442,Legal,38.0,50286.87291547261,2016-03-17,3.18,"$4,499.98",Active
497,Marketing,,70190.59924434756,2016-05-11,2.59,"$1,368.63",Active
113,Legal,45.0,53454.21164210147,2015-04-23,2.87,"$4,306.68",Resigned
692,HR,28.0,95458.08741929042,2016-11-22,3.45,"$2,424.11",Active
233,Marketing,55.0,,2015-08-21,3.13,"$3,797.39",Active
905,HR,23.0,65025.870436261765,2017-06-23,1.29,"$3,021.10",Resigned
608,Engineering,50.0,46136.502835975436,2016-08-30,2.29,$490.60,Fired
672,R&D,52.0,47522.66687654333,2016-11-02,1.78,"$4,916.44",Active
374,Marketing,21.0,63460.51358578025,2016-01-09,2.0,"$1,607.63",Active
503,Engineering,42.0,77911.6410457106,2016-05-17,1.32,"$2,865.64",Active
878,Marketing,48.0,73353.71251254763,2017-05-27,1.57,"$2,272.85",Resigned
234,HR,28.0,45901.45348336703,2015-08-22,2.15,"$1,318.16",Fired
817,Marketing,41.0,50899.49557852055,2017-03-27,4.2,$169.56,Fired
677,Sales,42.0,51299.201379449354,2016-11-07,3.34,"$4,029.02",Fired
318,Sales,15.0,,2015-11-14,3.25,$791.88,Active
649,marketing,32.0,76865.30039805754,2016-10-10,2.31,"$2,737.98",Fired
411,Engineering,36.0,36028.13472174379,2016-02-15,4.03,"$1,775.06",Active
935,Sales,29.0,,2017-07-23,3.7,"$1,407.29",Fired
710,Marketing,47.0,31204.902657035156,2016-12-10,2.33,"$1,904.43",Resigned
359,Legal,40.0,41413.39386519149,2015-12-25,3.52,$224.21,Active
259,Marketing,37.0,,2015-09-16,1.47,"$2,515.49",Fired
745,Engineering,31.0,,2017-01-14,3.41,"$2,410.97",Resigned
628,  sales ,50.0,72445.98626818761,2016-09-19,4.4,"$3,806.61",Resigned
633,HR,39.0,43161.82790633379,2016-09-24,3.2,"$1,698.23",Fired
283,Engineering,46.0,65856.97274893335,2015-10-10,1.91,$164.82,Resigned
377,R&D,28.0,54372.054295140944,2016-01-12,3.06,"$4,832.58",Resigned
385,  sales ,45.0,83708.1102985256,2016-01-20,4.86,$914.52,Fired
225,Engineering,41.0,31595.779995693214,2015-08-13,2.09,"$4,321.08",Active
995,Engineering,27.0,52632.69379286843,2017-09-21,4.24,"$2,690.67",Resigned
848,CEO_Office,47.0,70468.54908808542,2017-04-27,4.36,"$1,776.14",Resigned
473,Sales,15.0,38232.36464922661,2016-04-17,4.04,"$4,287.28",Resigned
348,Sales,27.0,76714.82542003308,2015-12-14,4.52,"$3,510.79",Active
506,Sales,,,2016-05-20,4.95,"$1,960.71",Fired
640,Engineering,40.0,40102.91807533376,2016-10-01,1.39,"$3,868.40",Fired
109,Engineering,40.0,52892.409793936255,2015-04-19,2.17,"$3,783.94",Active
798,Marketing,46.0,74952.88160198712,2017-03-08,4.93,$857.15,Fired
968,Engineering,40.0,42734.788745707396,2017-08-25,1.53,"$4,456.10",Active
942,Marketing,32.0,52413.79943607095,2017-07-30,4.97,"$1,632.89",Fired
620,  sales ,28.0,61040.16505554376,2016-09-11,4.12,$743.31,Active
891,  sales ,32.0,49548.422723556374,2017-06-09,1.39,"$1,042.06",Resigned
836,HR,,70025.1073307712,,3.67,"$4,952.40",Resigned
646,R&D,15.0,,2016-10-07,4.98,"$4,101.61",Active
882,Marketing,,46573.95236585093,2017-05-31,1.02,"$1,440.03",Resigned
557,Sales,28.0,67509.98582071814,2016-07-10,1.52,"$3,866.86",Resigned
1000,HR,28.0,67191.62277129096,2017-09-26,1.72,"$1,534.01",Resigned
578,Legal,38.0,62150.82701013377,2016-07-31,1.2,$587.52,Resigned
796,R&D,34.0,43320.49461338755,2017-03-06,4.8,"$2,934.85",Active
86,Engineering,31.0,35062.62017946488,2015-03-27,1.35,"$1,653.02",Resigned
243,Legal,34.0,80409.87893757976,2015-08-31,2.38,"$1,250.30",Active
699,Sales,26.0,,2016-11-29,2.86,$843.54,Fired
910,Engineering,32.0,69187.03191020404,2017-06-28,1.96,"$4,234.68",Resigned
160,  sales ,,61469.747302063435,2015-06-09,1.08,"$4,881.32",Resigned
525,R&D,40.0,89935.01234675947,2016-06-08,4.12,"$2,237.61",Fired
36,R&D,20.0,,2015-02-05,3.9,"$4,497.19",Fired
541,Legal,35.0,66592.51845930339,2016-06-24,2.3,"$2,808.79",Fired
171,Marketing,32.0,33404.512976896774,2015-06-20,3.45,"$1,324.87",Resigned
655,HR,33.0,,2016-10-16,1.53,"$3,781.97",Active
927,Engineering,41.0,,2017-07-15,3.77,"$1,896.73",Active
893,R&D,31.0,63906.63395000334,2017-06-11,3.4,"$4,877.03",Resigned
883,Sales,13.0,68958.42327380077,2017-06-01,3.68,"$3,708.72",Fired
984,Sales,18.0,50526.33406252003,2017-09-10,3.5,"$3,567.34",Active
734,HR,16.0,,2017-01-03,2.55,$367.59,Fired
96,HR,52.0,80935.25716184934,2015-04-06,2.05,"$3,444.45",Resigned
564,Sales,46.0,52109.4773599863,2016-07-17,4.72,$678.07,Resigned
241,Legal,40.0,60898.989453994924,2015-08-29,3.19,$134.21,Resigned
743,  sales ,32.0,65512.22498211457,,1.61,"$1,559.51",Fired
575,R&D,29.0,78179.159780796,2016-07-28,2.18,"$1,646.11",Resigned
691,Engineering,46.0,76094.67071649017,2016-11-21,2.23,"$1,569.65",Active
461,Sales,31.0,61588.41679672851,2016-04-05,1.33,"$4,879.51",Fired
554,Marketing,49.0,54644.56198790086,2016-07-07,3.99,"$1,275.12",Resigned
858,HR,39.0,74119.65871151225,2017-05-07,1.19,"$4,838.15",Fired
914,HR,21.0,57982.54823397401,2017-07-02,2.6,"$4,771.21",Fired
207,Sales,50.0,70876.43680271995,2015-07-26,3.65,"$2,610.72",Active
393,Engineering,36.0,55202.28715117734,2016-01-28,4.13,"$3,027.40",Resigned
795,Sales,39.0,99311.89636544962,2017-03-05,4.24,$369.33,Fired
398,HR,34.0,62771.108683435865,2016-02-02,3.64,"$1,212.19",Fired
767,marketing,25.0,,2017-02-05,1.57,"$2,391.83",Resigned
884,Sales,28.0,45774.77993663699,2017-06-02,3.57,$353.12,Resigned
218,  sales ,41.0,46771.88023158423,2015-08-06,2.64,$290.89,Resigned
5,Sales,40.0,,2015-01-05,1.93,"$2,820.16",Resigned
769,Engineering,42.0,75320.74943144097,2017-02-07,2.73,"$2,198.92",Fired
643,Engineering,31.0,56559.13883897958,2016-10-04,2.78,$202.94,Active
934,HR,43.0,39010.40737797088,2017-07-22,1.54,"$1,652.83",Resigned
613,Marketing,55.0,,2016-09-04,1.38,"$2,950.44",Fired
739,HR,,56553.00554137209,2017-01-08,4.25,"$4,303.50",Active
547,Sales,,,2016-06-30,2.72,"$3,109.51",Active
726,R&D,30.0,47618.842050315674,,3.63,"$2,454.74",Resigned
954,Legal,31.0,46802.784697469186,2017-08-11,3.28,"$3,662.39",Resigned
684,Marketing,,41435.063665090536,2016-11-14,1.93,"$3,805.34",Fired
99,Sales,34.0,34748.42711668575,2015-04-09,4.17,"$3,264.05",Active
805,HR,39.0,,2017-03-15,2.52,"$4,836.14",Active
728,marketing,44.0,78670.1937110518,2016-12-28,2.81,"$2,793.61",Resigned
574,Marketing,42.0,39510.66433199198,2016-07-27,1.7,"$1,728.89",Resigned
407,Engineering,25.0,38640.64271324783,,2.67,"$4,556.79",Active
503,Engineering,42.0,77911.6410457106,2016-05-17,1.32,"$2,865.64",Active
48,HR,29.0,81163.98569619405,2015-02-17,2.96,"$1,127.48",Fired
33,Sales,49.0,84183.30942383136,2015-02-02,1.23,"$4,410.79",Fired
780,Marketing,32.0,73864.05209306744,2017-02-18,4.13,"$4,480.27",Active
840,Marketing,46.0,81837.3348322015,2017-04-19,1.74,$935.27,Resigned
201,Marketing,42.0,45425.14898188071,2015-07-20,1.6,$689.78,Active
135,Legal,,32984.13398770892,2015-05-15,3.2,"$4,164.86",Resigned
28,HR,30.0,67630.87534844902,2015-01-28,2.95,"$3,427.43",Resigned
916,HR,54.0,81470.50172746775,2017-07-04,4.91,"$1,075.56",Fired
231,marketing,48.0,35886.60203446539,2015-08-19,1.48,"$2,467.84",Active
490,R&D,47.0,58777.15990347531,2016-05-04,1.92,"$4,303.88",Resigned
773,Sales,26.0,88064.47763057673,2017-02-11,4.02,"$3,833.26",Resigned
379,R&D,44.0,,2016-01-14,3.29,"$3,733.67",Fired
289,Engineering,30.0,81341.2220414991,2015-10-16,4.28,"$4,452.14",Active
419,Marketing,37.0,50377.69636433535,2016-02-23,1.65,"$4,044.98",Resigned
675,HR,40.0,70230.7809856893,2016-11-05,1.43,"$4,885.43",Fired
392,HR,37.0,58860.73464536216,2016-01-27,2.6,"$3,715.85",Resigned
593,Sales,21.0,62400.273387791814,2016-08-15,3.79,$375.50,Fired
499,Legal,36.0,69994.68751363817,2016-05-13,3.95,"$3,657.82",Active
139,Engineering,30.0,57477.84272122815,2015-05-19,1.1,"$3,387.96",Active
63,R&D,23.0,51769.12638388558,2015-03-04,3.27,"$2,571.83",Resigned
472,Legal,43.0,82667.3239537102,2016-04-16,4.22,"$2,419.83",Active
648,Marketing,23.0,59067.134745010335,2016-10-09,4.25,$524.86,Resigned
129,Sales,41.0,42091.12490401417,2015-05-09,3.46,"$1,027.06",Resigned
601,Sales,41.0,45543.61610684084,2016-08-23,2.09,"$2,840.17",Fired
521,Marketing,28.0,75779.21426584378,2016-06-04,4.74,"$1,068.02",Fired
839,Marketing,30.0,66859.20606922862,2017-04-18,1.65,"$3,883.54",Fired
243,Legal,34.0,80409.87893757976,2015-08-31,2.38,"$1,250.30",Active
65,Engineering,36.0,62397.84587996101,2015-03-06,2.96,"$2,194.59",Resigned
813,Sales,39.0,59357.649280326375,2017-03-23,4.28,$547.50,Active
15,Sales,24.0,63197.94942356534,Unknown,4.46,"$2,061.53",Active
157,Marketing,24.0,63806.094922418604,2015-06-06,4.72,$782.34,Fired
41,Sales,29.0,58031.145493615426,2015-02-10,2.26,"$2,550.29",Fired
493,Engineering,,,2016-05-07,3.69,"$4,770.29",Fired
380,Engineering,31.0,68365.36591087686,2016-01-15,2.3,"$2,778.72",Active
188,Marketing,53.0,57730.90074519732,2015-07-07,1.32,"$4,979.10",Fired
764,  sales ,30.0,55372.75817316271,,4.63,$207.05,Resigned
217,Engineering,52.0,59602.1811112641,2015-08-05,3.65,"$1,030.39",Resigned
922,HR,39.0,76364.70637778951,2017-07-10,3.31,"$1,269.88",Fired
792,Marketing,22.0,,2017-03-02,4.74,"$1,467.14",Resigned
53,Legal,24.0,74297.04950869868,2015-02-22,2.45,"$3,931.27",Fired
879,Sales,24.0,62577.59009690297,,2.53,"$1,672.89",Active
338,  sales ,34.0,45084.75938087232,2015-12-04,3.7,$827.68,Resigned
749,Legal,30.0,90848.15347244313,,1.51,"$4,705.63",Fired
720,  sales ,40.0,65100.76941853335,2016-12-20,4.88,"$2,428.03",Active
725,Marketing,,43722.742101633026,2016-12-25,1.65,"$4,328.50",Resigned
296,HR,30.0,55258.90715959425,2015-10-23,1.34,$883.41,Active
702,Sales,31.0,85790.66859310945,2016-12-02,3.23,"$2,154.74",Resigned
252,Engineering,18.0,,2015-09-09,2.31,"$1,016.91",Fired
727,Sales,41.0,104236.41637963089,2016-12-27,4.99,$436.89,Active
462,Marketing,32.0,68766.19470708727,2016-04-06,1.84,"$2,910.46",Fired
456,HR,51.0,70961.46178599788,2016-03-31,4.72,$850.41,Fired
271,R&D,28.0,72376.47397001451,2015-09-28,2.19,$706.85,Resigned
816,HR,24.0,26296.659990230924,2017-03-26,2.41,"$2,733.95",Resigned
863,HR,34.0,,2017-05-12,3.58,"$4,353.10",Active
270,Engineering,48.0,62327.860257884684,2015-09-27,3.27,"$3,211.04",Resigned
202,Sales,39.0,39305.72752816604,2015-07-21,4.87,$431.26,Fired
162,Marketing,43.0,,2015-06-11,3.1,"$1,850.24",Resigned
556,HR,31.0,68628.07524159849,2016-07-09,1.24,"$2,574.07",Resigned
730,Sales,49.0,40163.13064884645,2016-12-30,2.6,"$4,400.97",Resigned
402,Legal,48.0,54638.31865784359,2016-02-06,1.72,"$1,776.45",Resigned
703,Engineering,52.0,89887.73029752178,2016-12-03,2.43,"$3,535.38",Resigned
477,Sales,51.0,,2016-04-21,2.44,"$3,906.31",Resigned
822,Sales,48.0,69295.67168949204,2017-04-01,3.39,"$4,977.57",Resigned
772,R&D,32.0,31801.134222914323,2017-02-10,4.76,$151.51,Fired
106,Engineering,53.0,64202.4173822941,,2.94,"$4,766.70",Active
566,Marketing,20.0,,2016-07-19,2.86,"$2,245.71",Fired
390,R&D,43.0,66995.37561669502,2016-01-25,4.22,"$1,760.24",Resigned
2,Legal,21.0,58753.41641056958,2015-01-02,4.19,"$1,073.36",Fired
977,Marketing,33.0,62925.3747604219,2017-09-03,3.94,"$2,570.25",Active
434,Sales,43.0,53218.645007503794,2016-03-09,3.33,"$3,768.18",Fired
562,Engineering,,66314.59416584084,2016-07-15,2.37,$358.45,Fired
932,R&D,33.0,,2017-07-20,3.08,"$1,284.13",Fired
81,R&D,37.0,57985.368877941786,2015-03-22,3.29,"$1,762.28",Fired
206,Sales,23.0,67696.2813014594,2015-07-25,2.88,$683.79,Resigned
35,Legal,45.0,55972.04028141251,2015-02-04,2.83,"$1,232.30",Active
943,Marketing,42.0,44116.386194151,2017-07-31,1.83,$398.44,Fired
776,Sales,38.0,68019.43629183652,,1.32,"$2,724.16",Resigned
509,Legal,23.0,51037.347079625375,2016-05-23,3.64,"$3,665.39",Resigned
428,R&D,28.0,65334.2002317849,2016-03-03,2.68,"$3,210.25",Resigned
455,Sales,26.0,41832.421060788285,2016-03-30,4.27,"$2,798.24",Fired
969,Marketing,36.0,65794.8497671734,2017-08-26,2.05,"$2,889.59",Resigned
367,Legal,24.0,35986.44032285227,2016-01-02,1.59,$821.10,Active
92,  sales ,27.0,56776.18454566897,2015-04-02,1.88,"$3,846.79",Resigned
340,Sales,45.0,57134.58356099747,2015-12-06,1.28,"$4,090.48",Fired
898,R&D,50.0,36527.958429569175,2017-06-16,1.39,"$1,283.85",Fired
565,Engineering,44.0,,2016-07-18,2.33,$321.24,Active
346,Marketing,23.0,68206.78672762815,2015-12-12,2.68,"$3,249.70",Active
777,Engineering,,20463.783914746833,2017-02-15,2.91,"$2,437.22",Fired
242,Legal,29.0,64160.654069372875,2015-08-30,4.61,"$2,077.06",Active
14,Engineering,22.0,70070.10114675699,Unknown,2.37,"$1,488.09",Active
316,Marketing,34.0,58863.5357019681,2015-11-12,3.63,"$2,021.87",Fired
601,Sales,41.0,45543.61610684084,2016-08-23,2.09,"$2,840.17",Fired
388,Sales,40.0,,2016-01-23,2.38,"$1,923.20",Fired
274,Legal,37.0,55444.10956835003,2015-10-01,4.93,"$1,031.63",Fired
167,Engineering,19.0,65656.5059085328,2015-06-16,4.85,"$2,577.05",Fired
841,Sales,36.0,70567.59809737085,2017-04-20,1.81,"$1,984.13",Active
21,Marketing,44.0,88517.86028629511,2015-01-21,4.22,"$4,670.49",Active
647,Marketing,55.0,68580.86162571216,2016-10-08,3.33,"$4,437.67",Fired
819,Sales,35.0,78001.18434640292,2017-03-29,4.3,"$2,304.72",Resigned
485,Marketing,36.0,70203.24158175674,2016-04-29,3.57,"$1,062.79",Active
599,Sales,28.0,,2016-08-21,2.18,"$1,782.05",Resigned
505,Marketing,27.0,53033.93606535919,2016-05-19,1.62,$914.65,Fired
832,HR,,42934.714943627754,2017-04-11,3.42,"$1,213.58",Active
244,Engineering,,40367.69401321332,2015-09-01,3.93,"$4,112.46",Fired
567,Engineering,9.0,52817.438159873935,2016-07-20,1.05,"$4,235.57",Resigned
876,Sales,32.0,72817.87840599923,2017-05-25,3.74,"$4,488.22",Fired
563,Sales,39.0,67380.28271989198,2016-07-16,2.91,"$4,187.40",Active
994,Marketing,36.0,36770.7255170438,2017-09-20,3.39,"$2,345.98",Resigned
687,Marketing,51.0,48550.70843732128,2016-11-17,1.17,"$2,278.41",Resigned
958,Sales,24.0,65135.06751734432,2017-08-15,2.42,"$3,345.36",Fired
190,Engineering,20.0,77006.55145300596,2015-07-09,2.04,"$4,611.39",Active
783,Engineering,10.0,46118.63060910619,2017-02-21,1.5,"$4,641.85",Resigned
976,Engineering,48.0,53225.10785760566,2017-09-02,2.14,$990.64,Fired
700,HR,,70393.77934547416,2016-11-30,1.76,"$3,029.26",Active
476,CEO_Office,22.0,65454.47823937452,2016-04-20,2.07,$531.86,Active
682,Engineering,22.0,71140.23627539583,2016-11-12,3.34,"$1,171.98",Resigned
511,Marketing,38.0,86083.49495696368,2016-05-25,4.46,"$3,834.84",Resigned
59,Sales,44.0,59501.550140333085,2015-02-28,1.5,"$3,391.37",Active
475,HR,47.0,41214.09833380321,2016-04-19,1.6,"$4,361.28",Resigned
561,  sales ,36.0,70482.42630303802,2016-07-14,3.94,$278.66,Resigned
857,Sales,25.0,62859.53386897536,2017-05-06,4.84,"$2,283.04",Resigned
748,HR,50.0,69102.75889823507,2017-01-17,2.35,"$1,730.37",Resigned
253,R&D,38.0,67145.36654034328,2015-09-10,1.04,"$2,822.19",Active
22,Sales,29.0,59090.08779278069,2015-01-22,1.55,$198.68,Active
314,Legal,35.0,42917.50323328846,2015-11-10,2.63,$311.19,Active
460,Sales,51.0,70294.77685435051,2016-04-04,4.48,"$3,871.76",Resigned
161,Engineering,22.0,64620.75809256153,2015-06-10,4.31,"$1,908.77",Active
277,marketing,34.0,52856.68689683011,,2.72,$481.50,Fired
956,Engineering,18.0,52035.43653282053,2017-08-13,3.97,"$4,938.11",Fired
192,R&D,28.0,15894.170480035798,2015-07-11,4.34,$368.19,Fired
386,R&D,59.0,44773.58712258197,,2.58,"$4,590.80",Fired
806,  sales ,41.0,50614.84068755682,2017-03-16,1.22,"$4,729.07",Fired
414,Marketing,,39552.38993110784,2016-02-18,2.57,"$1,879.95",Active
492,Marketing,,52691.57153829672,2016-05-06,1.96,"$2,233.44",Fired
344,HR,23.0,56056.637561875985,2015-12-10,4.31,"$1,263.67",Fired
770,R&D,47.0,91326.64159304887,2017-02-08,3.38,$232.82,Active
309,marketing,32.0,53201.2738646548,2015-11-05,4.73,$295.08,Resigned
662,Legal,46.0,80721.8111803573,2016-10-23,4.49,"$3,533.96",Fired
131,HR,31.0,85987.72499227637,2015-05-11,3.04,"$2,604.46",Fired
664,Engineering,22.0,70345.61707867791,2016-10-25,3.92,"$4,654.08",Resigned
872,Engineering,38.0,82789.25885462653,2017-05-21,3.07,"$4,837.00",Resigned
88,Marketing,38.0,76900.57705241375,2015-03-29,4.38,"$4,389.89",Resigned
331,Engineering,33.0,51838.289968287114,2015-11-27,4.26,"$3,164.62",Resigned
467,Engineering,35.0,46518.23927515308,2016-04-11,2.34,$684.97,Active
122,R&D,31.0,54992.70765365985,2015-05-02,2.59,"$3,615.58",Fired
861,marketing,35.0,87139.59524599665,2017-05-10,1.74,$783.31,Active
